Business Name,Phone,Suburb,Area,Category,Website Status,Google Reviews,Priority Tier
G. & M. Plumbing,(03) 5278 2066,North Geelong,Geelong,Plumbers,NO WEBSITE,0,COLD LEAD
Hinch Plumbing,0407 833 980,Armstrong Creek,Geelong,Plumbers,NO WEBSITE,1,WARM LEAD
Figjam Plumbing,0401 677 533,Geelong,Geelong,Plumbers,OUTDATED WEBSITE,0,COLD LEAD
AAA Above Plumbing and Construction Pty Ltd,0419 298 441,Herne Hill,Geelong,Plumbers,NO WEBSITE,0,COLD LEAD
Manifold Plumbing,0419 566 929,Manifold Heights,Geelong,Plumbers,NO WEBSITE,0,COLD LEAD
Aberdeen Plumbing Services,0419 672 797,Geelong,Geelong,Plumbers,NO WEBSITE,0,COLD LEAD
Allthorpe Plumbing,0414 805 039,Geelong,Geelong,Plumbers,NO WEBSITE,0,COLD LEAD
Active Plumbing & Gasfitting Solutions,0409 253 909,Geelong,Geelong,Plumbers,NO WEBSITE,0,COLD LEAD
Offshore Plumbing & Gas Fitting,0401 276 823,Geelong,Geelong,Plumbers,NO WEBSITE,0,COLD LEAD
MNP Contractors,0402 576 910,Geelong,Geelong,Plumbers,NO WEBSITE,0,COLD LEAD
Inner Geelong Plumbing,0419 000 954,Geelong,Geelong,Plumbers,NO WEBSITE,0,COLD LEAD
David Hardwick Plumbing and Gasfitting,0418 525 036,Geelong,Geelong,Plumbers,NO WEBSITE,0,COLD LEAD
C.J.Turner Plumbing Contractors Pty. Ltd,0448 811 527,Batesford,Geelong,Plumbers,NO WEBSITE,1,WARM LEAD
Reid R,(03) 5276 1397,Batesford,Geelong,Plumbers,NO WEBSITE,0,COLD LEAD
Mick Kelleher Emergency Plumbing Service,0418 502 369,Hamlyn Heights,Geelong,Plumbers,NO WEBSITE,0,COLD LEAD
Panozzo Plumbing Pty Ltd,0419 224 044,Highton,Geelong,Plumbers,NO WEBSITE,0,COLD LEAD
McAuliffe Plumbing P/L,0417 078 700,Highton,Geelong,Plumbers,NO WEBSITE,0,COLD LEAD
Bellarine Plastic & Plumbing Service,(03) 5278 9171,North Geelong,Geelong,Plumbers,NO WEBSITE,0,COLD LEAD
Bindokas Plumbing Pty Ltd,0403 848 221,Highton,Geelong,Plumbers,NO WEBSITE,0,COLD LEAD
Martin Plumbing,0400 839 792,North Geelong,Geelong,Plumbers,NO WEBSITE,0,COLD LEAD
Gary Welsh (Electrical Contracting),0418 520 617,Geelong,Geelong,Electricians,NO WEBSITE,0,COLD LEAD
Mr. Electric Geelong,0433 534 922,Lara,Geelong,Electricians,HAS MODERN WEBSITE,0,COLD LEAD
J C Williams Electrical,1300 529 353,North Geelong,Geelong,Electricians,NO WEBSITE,0,COLD LEAD
Fenton Electrical Pty Ltd,(03) 5221 3409,Geelong West,Geelong,Electricians,NO WEBSITE,13,HOT LEAD
Green Earth Electrical,N/A,North Geelong,Geelong,Electricians,NO WEBSITE,0,COLD LEAD
Electrical Services Group Pty Ltd,N/A,Geelong West,Geelong,Electricians,NO WEBSITE,0,COLD LEAD
Geelong Precision Painting,0466 344 447,Geelong,Geelong,Painters,NO WEBSITE,0,COLD LEAD
AAA Geelong Painting & Decorating,0409 955 700,Highton,Geelong,Painters,OUTDATED WEBSITE,0,COLD LEAD
Geelong Cleaning Services,0415 555 734,Whittington,Geelong,Cleaning Services,NO WEBSITE,0,COLD LEAD
Spoton Commercial Services Pty Ltd,N/A,Geelong West,Geelong,Cleaning Services,NO WEBSITE,0,COLD LEAD
Jason's Pressure Cleaning,0404 417 375,Geelong,Geelong,Cleaning Services,NO WEBSITE,0,COLD LEAD
